county_n,d_id,d_name
ADAMS,112011103,BERMUDIAN SPRINGS SD
ADAMS,112011603,CONEWAGO VALLEY SD
ADAMS,112013054,FAIRFIELD AREA SD
ADAMS,112013753,GETTYSBURG AREA SD
ADAMS,112015203,LITTLESTOWN AREA SD
ADAMS,112018523,UPPER ADAMS SD
ALLEGHENY,103020407,A W BEATTIE CAREER CENTER
ALLEGHENY,103020603,ALLEGHENY VALLEY SD
ALLEGHENY,103020753,AVONWORTH SD
ALLEGHENY,103021102,BALDWIN-WHITEHALL SD
ALLEGHENY,103021252,BETHEL PARK SD
ALLEGHENY,103021453,BRENTWOOD BOROUGH SD
ALLEGHENY,103021603,CARLYNTON SD
ALLEGHENY,103021752,CHARTIERS VALLEY SD
ALLEGHENY,102020001,CITY CHS
ALLEGHENY,103021903,CLAIRTON CITY SD
ALLEGHENY,103022103,CORNELL SD
ALLEGHENY,103022253,DEER LAKES SD
ALLEGHENY,103022803,EAST ALLEGHENY SD
ALLEGHENY,103023153,ELIZABETH FORWARD SD
ALLEGHENY,103023807,FORBES ROAD CTC
ALLEGHENY,103023912,FOX CHAPEL AREA SD
ALLEGHENY,103024102,GATEWAY SD
ALLEGHENY,103024603,HAMPTON TOWNSHIP SD
ALLEGHENY,103024753,HIGHLANDS SD
ALLEGHENY,103025002,KEYSTONE OAKS SD
ALLEGHENY,103026002,MCKEESPORT AREA SD
ALLEGHENY,103026303,MONTOUR SD
ALLEGHENY,103026343,MOON AREA SD
ALLEGHENY,103026402,MT LEBANON SD
ALLEGHENY,103026852,NORTH ALLEGHENY SD
ALLEGHENY,103026902,NORTH HILLS SD
ALLEGHENY,103026873,NORTHGATE SD
ALLEGHENY,103027307,PARKWAY WEST CTC
ALLEGHENY,102023217,PASSPORT ACADEMY CS
ALLEGHENY,103027352,PENN HILLS SD
ALLEGHENY,115220003,PENNSYLVANIA DISTANCE LEARNING CS
ALLEGHENY,103021003,PINE-RICHLAND SD
ALLEGHENY,102027451,PITTSBURGH SD
ALLEGHENY,103027503,PLUM BOROUGH SD
ALLEGHENY,160028259,PROPEL CS-BRADDOCK HILLS
ALLEGHENY,103020002,PROPEL CS-HOMESTEAD
ALLEGHENY,103020004,PROPEL CS-MONTOUR
ALLEGHENY,103027753,QUAKER VALLEY SD
ALLEGHENY,103028203,RIVERVIEW SD
ALLEGHENY,103028302,SHALER AREA SD
ALLEGHENY,103028653,SOUTH ALLEGHENY SD
ALLEGHENY,103028703,SOUTH FAYETTE TOWNSHIP SD
ALLEGHENY,103028753,SOUTH PARK SD
ALLEGHENY,103028807,STEEL CENTER FOR CAREER AND TECHNICAL EDUCATION
ALLEGHENY,103028833,STEEL VALLEY SD
ALLEGHENY,103028853,STO-ROX SD
ALLEGHENY,102020003,THE NEW ACADEMY CS
ALLEGHENY,103029203,UPPER SAINT CLAIR SD
ALLEGHENY,102023080,URBAN PATHWAYS 6-12 CS
ALLEGHENY,103029403,WEST ALLEGHENY SD
ALLEGHENY,103029553,WEST JEFFERSON HILLS SD
ALLEGHENY,103029603,WEST MIFFLIN AREA SD
ALLEGHENY,103028425,WESTINGHOUSE ARTS ACADEMY CS
ALLEGHENY,103029902,WOODLAND HILLS SD
ARMSTRONG,128030603,APOLLO-RIDGE SD
ARMSTRONG,128030852,ARMSTRONG SD
ARMSTRONG,128033053,FREEPORT AREA SD
ARMSTRONG,128034503,LEECHBURG AREA SD
ARMSTRONG,128034607,LENAPE TECH
BEAVER,127040503,ALIQUIPPA SD
BEAVER,127040703,AMBRIDGE AREA SD
BEAVER,127041203,BEAVER AREA SD
BEAVER,127041307,BEAVER COUNTY CTC
BEAVER,127041503,BIG BEAVER FALLS AREA SD
BEAVER,127041603,BLACKHAWK SD
BEAVER,127042003,CENTRAL VALLEY SD
BEAVER,127042853,FREEDOM AREA SD
BEAVER,127044103,HOPEWELL AREA SD
BEAVER,127040002,LINCOLN PARK PERFORMING ARTS CS
BEAVER,127045653,NEW BRIGHTON AREA SD
BEAVER,127043430,PENNSYLVANIA CYBER CS
BEAVER,127045853,RIVERSIDE BEAVER COUNTY SD
BEAVER,127046903,ROCHESTER AREA SD
BEAVER,127047404,SOUTH SIDE AREA SD
BEAVER,127049303,WESTERN BEAVER COUNTY SD
BEDFORD,108051003,BEDFORD AREA SD
BEDFORD,108051503,CHESTNUT RIDGE SD
BEDFORD,108053003,EVERETT AREA SD
BEDFORD,108056004,NORTHERN BEDFORD COUNTY SD
BEDFORD,108058003,TUSSEY MOUNTAIN SD
BERKS,114060503,ANTIETAM SD
BERKS,114060557,BERKS CTC
BERKS,114060753,BOYERTOWN AREA SD
BERKS,114060853,BRANDYWINE HEIGHTS AREA SD
BERKS,114061103,CONRAD WEISER AREA SD
BERKS,114061503,DANIEL BOONE AREA SD
BERKS,114062003,EXETER TOWNSHIP SD
BERKS,114062503,FLEETWOOD AREA SD
BERKS,114063003,GOVERNOR MIFFLIN SD
BERKS,114063503,HAMBURG AREA SD
BERKS,114064003,KUTZTOWN AREA SD
BERKS,114065503,MUHLENBERG SD
BERKS,114066503,OLEY VALLEY SD
BERKS,114067002,READING SD
BERKS,114067503,SCHUYLKILL VALLEY SD
BERKS,114068003,TULPEHOCKEN AREA SD
BERKS,114068103,TWIN VALLEY SD
BERKS,114069103,WILSON SD
BERKS,114069353,WYOMISSING AREA SD
BLAIR,108070502,ALTOONA AREA SD
BLAIR,108071003,BELLWOOD-ANTIS SD
BLAIR,108070001,CENTRAL PA DIGITAL LRNG FOUNDATION CS
BLAIR,108071504,CLAYSBURG-KIMMEL SD
BLAIR,108073503,HOLLIDAYSBURG AREA SD
BLAIR,108077503,SPRING COVE SD
BLAIR,108078003,TYRONE AREA SD
BLAIR,108079004,WILLIAMSBURG COMMUNITY SD
BRADFORD,117080503,ATHENS AREA SD
BRADFORD,117081003,CANTON AREA SD
BRADFORD,117083004,NORTHEAST BRADFORD SD
BRADFORD,117080607,NORTHERN TIER CAREER CENTER
BRADFORD,117086003,SAYRE AREA SD
BRADFORD,117086503,TOWANDA AREA SD
BRADFORD,117086653,TROY AREA SD
BRADFORD,117089003,WYALUSING AREA SD
BUCKS,122091002,BENSALEM TOWNSHIP SD
BUCKS,122091303,BRISTOL BOROUGH SD
BUCKS,122091352,BRISTOL TOWNSHIP SD
BUCKS,122091457,BUCKS COUNTY TECHNICAL HIGH SCHOOL
BUCKS,122092002,CENTENNIAL SD
BUCKS,122090001,CENTER FOR STUDENT LRNG CS PENNSBURY
BUCKS,122092102,CENTRAL BUCKS SD
BUCKS,122092353,COUNCIL ROCK SD
BUCKS,122097007,MIDDLE BUCKS INSTITUTE OF TECHNOLOGY
BUCKS,122097203,MORRISVILLE BOROUGH SD
BUCKS,122097502,NESHAMINY SD
BUCKS,122097604,NEW HOPE-SOLEBURY SD
BUCKS,122098003,PALISADES SD
BUCKS,122098103,PENNRIDGE SD
BUCKS,122098202,PENNSBURY SD
BUCKS,122098403,QUAKERTOWN COMMUNITY SD
BUCKS,122093140,SCHOOL LANE CS
BUTLER,104101252,BUTLER AREA SD
BUTLER,104101307,BUTLER COUNTY AVTS
BUTLER,104103603,KARNS CITY AREA SD
BUTLER,104105003,MARS AREA SD
BUTLER,104105353,MONITEAU SD
BUTLER,104107903,SENECA VALLEY SD
BUTLER,104107503,SLIPPERY ROCK AREA SD
BUTLER,104107803,SOUTH BUTLER COUNTY SD
CAMBRIA,108110307,ADMIRAL PEARY AVTS
CAMBRIA,108110603,BLACKLICK VALLEY SD
CAMBRIA,108111203,CAMBRIA HEIGHTS SD
CAMBRIA,108111303,CENTRAL CAMBRIA SD
CAMBRIA,108111403,CONEMAUGH VALLEY SD
CAMBRIA,108112003,FERNDALE AREA SD
CAMBRIA,108112203,FOREST HILLS SD
CAMBRIA,108112607,GREATER JOHNSTOWN CTC
CAMBRIA,108112502,GREATER JOHNSTOWN SD
CAMBRIA,108114503,NORTHERN CAMBRIA SD
CAMBRIA,108116003,PENN CAMBRIA SD
CAMBRIA,108116303,PORTAGE AREA SD
CAMBRIA,108116503,RICHLAND SD
CAMBRIA,108118503,WESTMONT HILLTOP SD
CAMERON,109122703,CAMERON COUNTY SD
CARBON,121131507,CARBON CAREER & TECHNICAL INSTITUTE
CARBON,121135003,JIM THORPE AREA SD
CARBON,121135503,LEHIGHTON AREA SD
CARBON,121136503,PALMERTON AREA SD
CARBON,121136603,PANTHER VALLEY SD
CARBON,121139004,WEATHERLY AREA SD
CENTRE,110141003,BALD EAGLE AREA SD
CENTRE,110141103,BELLEFONTE AREA SD
CENTRE,110147003,PENNS VALLEY AREA SD
CENTRE,110148002,STATE COLLEGE AREA SD
CHESTER,124150002,21ST CENTURY CYBER CS
CHESTER,125230001,ACHIEVEMENT HOUSE CS
CHESTER,126510020,AGORA CYBER CS
CHESTER,124150003,AVON GROVE CS
CHESTER,124150503,AVON GROVE SD
CHESTER,124151607,CHESTER COUNTY TECHNICAL COLLEGE HIGH SCHOOL
CHESTER,124151902,COATESVILLE AREA SD
CHESTER,124153320,COLLEGIUM CS
CHESTER,124152003,DOWNINGTOWN AREA SD
CHESTER,124153503,GREAT VALLEY SD
CHESTER,124152637,INSIGHT PA CYBER CS
CHESTER,124154003,KENNETT CONSOLIDATED SD
CHESTER,124156503,OCTORARA AREA SD
CHESTER,124156603,OWEN J ROBERTS SD
CHESTER,124156703,OXFORD AREA SD
CHESTER,124150004,PENNSYLVANIA LEADERSHIP CS
CHESTER,124157203,PHOENIXVILLE AREA SD
CHESTER,124153350,RENAISSANCE ACADEMY CS
CHESTER,124157802,TREDYFFRIN-EASTTOWN SD
CHESTER,124158503,UNIONVILLE-CHADDS FORD SD
CHESTER,124159002,WEST CHESTER AREA SD
CLARION,106160303,ALLEGHENY-CLARION VALLEY SD
CLARION,106161203,CLARION AREA SD
CLARION,106161357,CLARION COUNTY CAREER CENTER
CLARION,106161703,CLARION-LIMESTONE AREA SD
CLARION,106166503,KEYSTONE SD
CLARION,106167504,NORTH CLARION COUNTY SD
CLARION,106168003,REDBANK VALLEY SD
CLARION,106169003,UNION SD
CLEARFIELD,110171003,CLEARFIELD AREA SD
CLEARFIELD,110171607,CLEARFIELD COUNTY CTC
CLEARFIELD,110171803,CURWENSVILLE AREA SD
CLEARFIELD,106172003,DUBOIS AREA SD
CLEARFIELD,110173003,GLENDALE SD
CLEARFIELD,110173504,HARMONY AREA SD
CLEARFIELD,110175003,MOSHANNON VALLEY SD
CLEARFIELD,110177003,PHILIPSBURG-OSCEOLA AREA SD
CLEARFIELD,110179003,WEST BRANCH AREA SD
CLINTON,110183602,KEYSTONE CENTRAL SD
CLINTON,101833400,SUGAR VALLEY RURAL CS
COLUMBIA,116191004,BENTON AREA SD
COLUMBIA,116191103,BERWICK AREA SD
COLUMBIA,116191203,BLOOMSBURG AREA SD
COLUMBIA,116191503,CENTRAL COLUMBIA SD
COLUMBIA,116191757,COLUMBIA-MONTOUR AVTS
COLUMBIA,116195004,MILLVILLE AREA SD
COLUMBIA,116197503,SOUTHERN COLUMBIA AREA SD
COLUMBIA,116493130,SUSQ-CYBER CS
CRAWFORD,105201033,CONNEAUT SD
CRAWFORD,105201352,CRAWFORD CENTRAL SD
CRAWFORD,105201407,CRAWFORD COUNTY CTC
CRAWFORD,105204703,PENNCREST SD
CUMBERLAND,115210503,BIG SPRING SD
CUMBERLAND,115211003,CAMP HILL SD
CUMBERLAND,115211103,CARLISLE AREA SD
CUMBERLAND,115211657,CUMBERLAND PERRY AVTS
CUMBERLAND,115211603,CUMBERLAND VALLEY SD
CUMBERLAND,115212503,EAST PENNSBORO AREA SD
CUMBERLAND,115216503,MECHANICSBURG AREA SD
CUMBERLAND,115218003,SHIPPENSBURG AREA SD
CUMBERLAND,115218303,SOUTH MIDDLETON SD
DAUPHIN,115227010,CAPITAL AREA SCHOOL FOR THE ARTS CHARTER SCHOOL
DAUPHIN,115221402,CENTRAL DAUPHIN SD
DAUPHIN,115220002,COMMONWEALTH CHARTER ACADEMY CS
DAUPHIN,115221607,DAUPHIN COUNTY TECHNICAL SCHOOL
DAUPHIN,115221753,DERRY TOWNSHIP SD
DAUPHIN,115222504,HALIFAX AREA SD
DAUPHIN,115222752,HARRISBURG CITY SD
DAUPHIN,115224003,LOWER DAUPHIN SD
DAUPHIN,115226003,MIDDLETOWN AREA SD
DAUPHIN,115226103,MILLERSBURG AREA SD
DAUPHIN,115227871,REACH CYBER CS
DAUPHIN,115228003,STEELTON-HIGHSPIRE SD
DAUPHIN,115228303,SUSQUEHANNA TOWNSHIP SD
DAUPHIN,115229003,UPPER DAUPHIN AREA SD
DELAWARE,125236827,CHESTER CHARTER SCHOLARS ACADEMY CS
DELAWARE,125231232,CHESTER-UPLAND SD
DELAWARE,125231303,CHICHESTER SD
DELAWARE,125232407,DELAWARE COUNTY TECHNICAL HS
DELAWARE,125234103,GARNET VALLEY SD
DELAWARE,125234502,HAVERFORD TOWNSHIP SD
DELAWARE,125235103,INTERBORO SD
DELAWARE,125235502,MARPLE NEWTOWN SD
DELAWARE,125236903,PENN-DELCO SD
DELAWARE,125237603,RADNOR TOWNSHIP SD
DELAWARE,125237702,RIDLEY SD
DELAWARE,125237903,ROSE TREE MEDIA SD
DELAWARE,125238402,SOUTHEAST DELCO SD
DELAWARE,125238502,SPRINGFIELD SD
DELAWARE,125239452,UPPER DARBY SD
DELAWARE,125239603,WALLINGFORD-SWARTHMORE SD
DELAWARE,125239652,WILLIAM PENN SD
ELK,109243503,JOHNSONBURG AREA SD
ELK,109246003,RIDGWAY AREA SD
ELK,109248003,SAINT MARYS AREA SD
ERIE,105251453,CORRY AREA SD
ERIE,105252602,ERIE CITY SD
ERIE,105253303,FAIRVIEW SD
ERIE,105253553,FORT LEBOEUF SD
ERIE,105253903,GENERAL MCLANE SD
ERIE,105254053,GIRARD SD
ERIE,105254353,HARBOR CREEK SD
ERIE,105256553,IROQUOIS SD
ERIE,105257602,MILLCREEK TOWNSHIP SD
ERIE,105258303,NORTH EAST SD
ERIE,105258503,NORTHWESTERN SD
ERIE,105250001,PERSEUS HOUSE CS OF EXCELLENCE
ERIE,105259103,UNION CITY AREA SD
ERIE,105259703,WATTSBURG AREA SD
FAYETTE,101260303,ALBERT GALLATIN AREA SD
FAYETTE,101260803,BROWNSVILLE AREA SD
FAYETTE,101266007,CONNELLSVILLE AREA CAREER & TECHNICAL CENTER
FAYETTE,101261302,CONNELLSVILLE AREA SD
FAYETTE,101262507,FAYETTE COUNTY CAREER & TECHNICAL INSTITUTE
FAYETTE,101262903,FRAZIER SD
FAYETTE,101264003,LAUREL HIGHLANDS SD
FAYETTE,101268003,UNIONTOWN AREA SD
FOREST,106272003,FOREST AREA SD
FRANKLIN,112281302,CHAMBERSBURG AREA SD
FRANKLIN,112282004,FANNETT-METAL SD
FRANKLIN,112283003,GREENCASTLE-ANTRIM SD
FRANKLIN,112286003,TUSCARORA SD
FRANKLIN,112289003,WAYNESBORO AREA SD
FULTON,111291304,CENTRAL FULTON SD
FULTON,111292304,FORBES ROAD SD
FULTON,111297504,SOUTHERN FULTON SD
GREENE,101301303,CARMICHAELS AREA SD
GREENE,101301403,CENTRAL GREENE SD
GREENE,101302607,GREENE COUNTY CTC
GREENE,101303503,JEFFERSON-MORGAN SD
GREENE,101306503,SOUTHEASTERN GREENE SD
GREENE,101308503,WEST GREENE SD
HUNTINGDON,111312503,HUNTINGDON AREA SD
HUNTINGDON,111312607,HUNTINGDON COUNTY CTC
HUNTINGDON,111312804,JUNIATA VALLEY SD
HUNTINGDON,111316003,MOUNT UNION AREA SD
HUNTINGDON,111440001,NEW DAY CHARTER SCHOOL
HUNTINGDON,111317503,SOUTHERN HUNTINGDON COUNTY SD
INDIANA,128321103,BLAIRSVILLE-SALTSBURG SD
INDIANA,128323303,HOMER-CENTER SD
INDIANA,128323703,INDIANA AREA SD
INDIANA,128324207,INDIANA COUNTY TECHNOLOGY CENTER
INDIANA,128325203,MARION CENTER AREA SD
INDIANA,128326303,PENNS MANOR AREA SD
INDIANA,128327303,PURCHASE LINE SD
INDIANA,128328003,UNITED SD
JEFFERSON,106330703,BROCKWAY AREA SD
JEFFERSON,106330803,BROOKVILLE AREA SD
JEFFERSON,106333407,JEFFERSON COUNTY-DUBOIS AVTS
JEFFERSON,106338003,PUNXSUTAWNEY AREA SD
JUNIATA,111343603,JUNIATA COUNTY SD
LACKAWANNA,119350303,ABINGTON HEIGHTS SD
LACKAWANNA,119351303,CARBONDALE AREA SD
LACKAWANNA,119352203,DUNMORE SD
LACKAWANNA,119354603,LAKELAND SD
LACKAWANNA,119355503,MID VALLEY SD
LACKAWANNA,119356503,NORTH POCONO SD
LACKAWANNA,119356603,OLD FORGE SD
LACKAWANNA,119357003,RIVERSIDE SD
LACKAWANNA,119357402,SCRANTON SD
LACKAWANNA,119358403,VALLEY VIEW SD
LANCASTER,113361303,COCALICO SD
LANCASTER,113361503,COLUMBIA BOROUGH SD
LANCASTER,113361703,CONESTOGA VALLEY SD
LANCASTER,113362203,DONEGAL SD
LANCASTER,113362303,EASTERN LANCASTER COUNTY SD
LANCASTER,113362403,ELIZABETHTOWN AREA SD
LANCASTER,113362603,EPHRATA AREA SD
LANCASTER,113363103,HEMPFIELD SD
LANCASTER,113362940,LA ACADEMIA PARTNERSHIP CHARTER SCHOOL
LANCASTER,113363603,LAMPETER-STRASBURG SD
LANCASTER,113363807,LANCASTER COUNTY CTC
LANCASTER,113364002,LANCASTER SD
LANCASTER,113364403,MANHEIM CENTRAL SD
LANCASTER,113364503,MANHEIM TOWNSHIP SD
LANCASTER,113365203,PENN MANOR SD
LANCASTER,113365303,PEQUEA VALLEY SD
LANCASTER,113367003,SOLANCO SD
LANCASTER,113369003,WARWICK SD
LAWRENCE,104372003,ELLWOOD CITY AREA SD
LAWRENCE,104374003,LAUREL SD
LAWRENCE,104374207,LAWRENCE COUNTY CTC
LAWRENCE,104375003,MOHAWK AREA SD
LAWRENCE,104375203,NESHANNOCK TOWNSHIP SD
LAWRENCE,104375302,NEW CASTLE AREA SD
LAWRENCE,104376203,SHENANGO AREA SD
LAWRENCE,104377003,UNION AREA SD
LAWRENCE,104378003,WILMINGTON AREA SD
LEBANON,113380303,ANNVILLE-CLEONA SD
LEBANON,113381303,CORNWALL-LEBANON SD
LEBANON,113382303,EASTERN LEBANON COUNTY SD
LEBANON,113384307,LEBANON COUNTY CTC
LEBANON,113384603,LEBANON SD
LEBANON,113385003,NORTHERN LEBANON SD
LEBANON,113385303,PALMYRA AREA SD
LEHIGH,121390302,ALLENTOWN CITY SD
LEHIGH,121391303,CATASAUQUA AREA SD
LEHIGH,121392303,EAST PENN SD
LEHIGH,121398065,EXECUTIVE EDUCATION ACADEMY CHARTER SCHOOL
LEHIGH,121395526,INNOVATIVE ARTS ACADEMY CS
LEHIGH,121393007,LEHIGH CAREER & TECHNICAL INSTITUTE
LEHIGH,175390169,LINCOLN LEADERSHIP ACADEMY CHARTER SCHOOL
LEHIGH,121394503,NORTHERN LEHIGH SD
LEHIGH,121394603,NORTHWESTERN LEHIGH SD
LEHIGH,121395103,PARKLAND SD
LEHIGH,121395603,SALISBURY TOWNSHIP SD
LEHIGH,121395703,SOUTHERN LEHIGH SD
LEHIGH,121397803,WHITEHALL-COPLAY SD
LUZERNE,118401403,CRESTWOOD SD
LUZERNE,118401603,DALLAS SD
LUZERNE,118402603,GREATER NANTICOKE AREA SD
LUZERNE,118403003,HANOVER AREA SD
LUZERNE,118403302,HAZLETON AREA SD
LUZERNE,118403903,LAKE-LEHMAN SD
LUZERNE,118406003,NORTHWEST AREA SD
LUZERNE,118406602,PITTSTON AREA SD
LUZERNE,118408707,WEST SIDE CTC
LUZERNE,118408607,WILKES-BARRE AREA CTC
LUZERNE,118409203,WYOMING AREA SD
LUZERNE,118409302,WYOMING VALLEY WEST SD
LYCOMING,117412003,EAST LYCOMING SD
LYCOMING,117414003,JERSEY SHORE AREA SD
LYCOMING,117414203,LOYALSOCK TOWNSHIP SD
LYCOMING,117414807,LYCOMING CTC
LYCOMING,117415004,MONTGOMERY AREA SD
LYCOMING,117415103,MONTOURSVILLE AREA SD
LYCOMING,117415303,MUNCY SD
LYCOMING,117416103,SOUTH WILLIAMSPORT AREA SD
LYCOMING,117417202,WILLIAMSPORT AREA SD
MCKEAN,109420803,BRADFORD AREA SD
MCKEAN,109422303,KANE AREA SD
MCKEAN,109426003,OTTO-ELDRED SD
MCKEAN,109426303,PORT ALLEGANY SD
MCKEAN,109420107,SENECA HIGHLANDS CAREER AND TECHNICAL CENTER
MCKEAN,109427503,SMETHPORT AREA SD
MERCER,104431304,COMMODORE PERRY SD
MERCER,104432503,FARRELL AREA SD
MERCER,104432803,GREENVILLE AREA SD
MERCER,104432903,GROVE CITY AREA SD
MERCER,104433303,HERMITAGE SD
MERCER,104433604,JAMESTOWN AREA SD
MERCER,104432830,KEYSTONE EDUCATION CENTER CS
MERCER,104433903,LAKEVIEW SD
MERCER,104435003,MERCER AREA SD
MERCER,104435303,REYNOLDS SD
MERCER,104435603,SHARON CITY SD
MERCER,104435703,SHARPSVILLE AREA SD
MERCER,104437503,WEST MIDDLESEX AREA SD
MIFFLIN,111444602,MIFFLIN COUNTY SD
MONROE,120452003,EAST STROUDSBURG AREA SD
MONROE,120450003,EVERGREEN COMMUNITY CS
MONROE,120454507,MONROE CAREER & TECH INST
MONROE,120455203,PLEASANT VALLEY SD
MONROE,120455403,POCONO MOUNTAIN SD
MONROE,120456003,STROUDSBURG AREA SD
MONTGOMERY,123460302,ABINGTON SD
MONTGOMERY,123460957,CENTRAL MONTCO TECHNICAL HIGH SCHOOL
MONTGOMERY,123461302,CHELTENHAM SD
MONTGOMERY,123461602,COLONIAL SD
MONTGOMERY,123463603,HATBORO-HORSHAM SD
MONTGOMERY,123463803,JENKINTOWN SD
MONTGOMERY,123464502,LOWER MERION SD
MONTGOMERY,123464603,LOWER MORELAND TOWNSHIP SD
MONTGOMERY,123465303,METHACTON SD
MONTGOMERY,123465602,NORRISTOWN AREA SD
MONTGOMERY,123465702,NORTH PENN SD
MONTGOMERY,123460001,PENNSYLVANIA VIRTUAL CS
MONTGOMERY,123466103,PERKIOMEN VALLEY SD
MONTGOMERY,123466303,POTTSGROVE SD
MONTGOMERY,123466403,POTTSTOWN SD
MONTGOMERY,123467103,SOUDERTON AREA SD
MONTGOMERY,123467203,SPRINGFIELD TOWNSHIP SD
MONTGOMERY,123467303,SPRING-FORD AREA SD
MONTGOMERY,123468303,UPPER DUBLIN SD
MONTGOMERY,123468402,UPPER MERION AREA SD
MONTGOMERY,123468503,UPPER MORELAND TOWNSHIP SD
MONTGOMERY,123468603,UPPER PERKIOMEN SD
MONTGOMERY,123469303,WISSAHICKON SD
MONTOUR,116471803,DANVILLE AREA SD
NORTHAMPTON,120480803,BANGOR AREA SD
NORTHAMPTON,120481002,BETHLEHEM AREA SD
NORTHAMPTON,120481107,BETHLEHEM AVTS
NORTHAMPTON,120483302,EASTON AREA SD
NORTHAMPTON,120480002,LEHIGH VALLEY ACADEMY REGIONAL CS
NORTHAMPTON,120483170,LEHIGH VALLEY CHARTER HIGH SCHOOL FOR THE ARTS
NORTHAMPTON,120484803,NAZARETH AREA SD
NORTHAMPTON,120484903,NORTHAMPTON AREA SD
NORTHAMPTON,120485603,PEN ARGYL AREA SD
NORTHAMPTON,120486003,SAUCON VALLEY SD
NORTHAMPTON,120488603,WILSON AREA SD
NORTHUMBERLAND,116493503,LINE MOUNTAIN SD
NORTHUMBERLAND,116495003,MILTON AREA SD
NORTHUMBERLAND,116495103,MOUNT CARMEL AREA SD
NORTHUMBERLAND,116496503,SHAMOKIN AREA SD
NORTHUMBERLAND,116496603,SHIKELLAMY SD
NORTHUMBERLAND,116498003,WARRIOR RUN SD
PERRY,115503004,GREENWOOD SD
PERRY,115504003,NEWPORT SD
PERRY,115506003,SUSQUENITA SD
PERRY,115508003,WEST PERRY SD
PHILADELPHIA,181519176,ASPIRA BILINGUAL CYBER CHARTER SCHOOL
PHILADELPHIA,126510010,BELMONT CHARTER SCHOOL
PHILADELPHIA,185515523,BOYS LATIN OF PHILADELPHIA CS
PHILADELPHIA,126512840,COMMUNITY ACADEMY OF PHILADELPHIA CS
PHILADELPHIA,126513440,ESPERANZA ACADEMY CHARTER SCHOOL
PHILADELPHIA,126511563,ESPERANZA CYBER CS
PHILADELPHIA,100510000,FIRST PHILADELPHIA PREPARATORY CHARTER SCHOOL
PHILADELPHIA,126513450,FRANKLIN TOWNE CHS
PHILADELPHIA,126513270,FREIRE CS
PHILADELPHIA,126512980,IMHOTEP INSTITUTE CHS
PHILADELPHIA,126514864,KIPP DUBOIS CHARTER SCHOOL
PHILADELPHIA,126513480,MARIANA BRACETTI ACADEMY CS
PHILADELPHIA,126510014,MARITIME ACADEMY CHARTER SCHOOL
PHILADELPHIA,126513150,MAST COMMUNITY CHARTER SCHOOL
PHILADELPHIA,126510002,MASTERY CHS - LENFEST CAMPUS
PHILADELPHIA,126513290,MASTERY CS - HARDY WILLIAMS
PHILADELPHIA,126510023,MASTERY CS - THOMAS CAMPUS
PHILADELPHIA,126510022,MASTERY CS -SHOEMAKER CAMPUS
PHILADELPHIA,126513734,MASTERY CS-GRATZ CAMPUS
PHILADELPHIA,151514721,MASTERY CS-PICKETT CAMPUS
PHILADELPHIA,126513230,MATH CIVICS AND SCIENCES CS
PHILADELPHIA,126513000,MULTICULTURAL ACADEMY CS
PHILADELPHIA,126513420,NEW FOUNDATIONS CS
PHILADELPHIA,126513452,OLNEY CHARTER HIGH SCHOOL
PHILADELPHIA,126513280,PHILADELPHIA ACADEMY CS
PHILADELPHIA,126515001,PHILADELPHIA CITY SD
PHILADELPHIA,126510009,PHILADELPHIA ELECTRICAL & TECH CHS
PHILADELPHIA,126513400,PHILADELPHIA PERFORMING ARTS CS
PHILADELPHIA,126512960,PREPARATORY CS OF MATH SCIENCE TECH AND CAREERS
PHILADELPHIA,114514135,SANKOFA FREEDOM ACADEMY CHARTER SCHOOL
PHILADELPHIA,126511530,TECH FREIRE CS
PHILADELPHIA,126519434,UNIVERSAL AUDENRIED CHARTER SCHOOL
PIKE,120522003,DELAWARE VALLEY SD
PIKE,119648303,WALLENPAUPACK AREA SD
POTTER,109531304,COUDERSPORT AREA SD
POTTER,109532804,GALETON AREA SD
POTTER,109535504,NORTHERN POTTER SD
POTTER,109537504,OSWAYO VALLEY SD
SCHUYLKILL,129540803,BLUE MOUNTAIN SD
SCHUYLKILL,129544907,GILLINGHAM CHARTER SCHOOL
SCHUYLKILL,129544503,MAHANOY AREA SD
SCHUYLKILL,129544703,MINERSVILLE AREA SD
SCHUYLKILL,129545003,NORTH SCHUYLKILL SD
SCHUYLKILL,129546003,PINE GROVE AREA SD
SCHUYLKILL,129546103,POTTSVILLE AREA SD
SCHUYLKILL,129547303,SCHUYLKILL HAVEN AREA SD
SCHUYLKILL,129547203,SHENANDOAH VALLEY SD
SCHUYLKILL,129547603,TAMAQUA AREA SD
SCHUYLKILL,129547803,TRI-VALLEY SD
SCHUYLKILL,129548803,WILLIAMS VALLEY SD
SNYDER,116555003,MIDD-WEST SD
SNYDER,116557103,SELINSGROVE AREA SD
SOMERSET,108561003,BERLIN BROTHERSVALLEY SD
SOMERSET,108561803,CONEMAUGH TOWNSHIP AREA SD
SOMERSET,108565203,MEYERSDALE AREA SD
SOMERSET,108565503,NORTH STAR SD
SOMERSET,108566303,ROCKWOOD AREA SD
SOMERSET,108567004,SALISBURY-ELK LICK SD
SOMERSET,108567204,SHADE-CENTRAL CITY SD
SOMERSET,108567404,SHANKSVILLE-STONYCREEK SD
SOMERSET,108567703,SOMERSET AREA SD
SOMERSET,108567807,SOMERSET COUNTY TECHNOLOGY CENTER
SOMERSET,108569103,WINDBER AREA SD
SULLIVAN,117576303,SULLIVAN COUNTY SD
SUSQUEHANNA,119581003,BLUE RIDGE SD
SUSQUEHANNA,119582503,ELK LAKE SD
SUSQUEHANNA,119583003,FOREST CITY REGIONAL SD
SUSQUEHANNA,119584503,MONTROSE AREA SD
SUSQUEHANNA,119584603,MOUNTAIN VIEW SD
SUSQUEHANNA,119586503,SUSQUEHANNA COMMUNITY SD
SUSQUEHANNA,119584707,SUSQUEHANNA COUNTY CTC
TIOGA,117596003,NORTHERN TIOGA SD
TIOGA,117597003,SOUTHERN TIOGA SD
TIOGA,117598503,WELLSBORO AREA SD
UNION,116604003,LEWISBURG AREA SD
UNION,116605003,MIFFLINBURG AREA SD
UNION,116606707,SUN AREA TECHNICAL INSTITUTE
VENANGO,106611303,CRANBERRY AREA SD
VENANGO,106612203,FRANKLIN AREA SD
VENANGO,106616203,OIL CITY AREA SD
VENANGO,106617203,TITUSVILLE AREA SD
VENANGO,106618603,VALLEY GROVE SD
WARREN,105620001,TIDIOUTE COMMUNITY CS
WARREN,105628007,WARREN COUNTY AVTS
WARREN,105628302,WARREN COUNTY SD
WASHINGTON,101630504,AVELLA AREA SD
WASHINGTON,101630903,BENTWORTH SD
WASHINGTON,101631003,BETHLEHEM-CENTER SD
WASHINGTON,101631203,BURGETTSTOWN AREA SD
WASHINGTON,101631503,CALIFORNIA AREA SD
WASHINGTON,101631703,CANON-MCMILLAN SD
WASHINGTON,101631803,CHARLEROI SD
WASHINGTON,101631903,CHARTIERS-HOUSTON SD
WASHINGTON,101632403,FORT CHERRY SD
WASHINGTON,101633903,MCGUFFEY SD
WASHINGTON,101634207,MON VALLEY CTC
WASHINGTON,101636503,PETERS TOWNSHIP SD
WASHINGTON,101637002,RINGGOLD SD
WASHINGTON,101638003,TRINITY AREA SD
WASHINGTON,101638803,WASHINGTON SD
WASHINGTON,101638907,WESTERN AREA CTC
WAYNE,119648703,WAYNE HIGHLANDS SD
WAYNE,119648903,WESTERN WAYNE SD
WESTMORELAND,107650603,BELLE VERNON AREA SD
WESTMORELAND,107650703,BURRELL SD
WESTMORELAND,107651207,CENTRAL WESTMORELAND CTC
WESTMORELAND,107651603,DERRY AREA SD
WESTMORELAND,107653040,DR ROBERT KETTERER CS INC
WESTMORELAND,107652603,FRANKLIN REGIONAL SD
WESTMORELAND,107653102,GREATER LATROBE SD
WESTMORELAND,107653203,GREENSBURG SALEM SD
WESTMORELAND,107653802,HEMPFIELD AREA SD
WESTMORELAND,107654103,JEANNETTE CITY SD
WESTMORELAND,107654403,KISKI AREA SD
WESTMORELAND,107654903,LIGONIER VALLEY SD
WESTMORELAND,107655803,MONESSEN CITY SD
WESTMORELAND,107655903,MOUNT PLEASANT AREA SD
WESTMORELAND,107656303,NEW KENSINGTON-ARNOLD SD
WESTMORELAND,107656502,NORWIN SD
WESTMORELAND,107657103,PENN-TRAFFORD SD
WESTMORELAND,107657503,SOUTHMORELAND SD
WESTMORELAND,107658903,YOUGH SD
WYOMING,119665003,LACKAWANNA TRAIL SD
WYOMING,118667503,TUNKHANNOCK AREA SD
YORK,112671303,CENTRAL YORK SD
YORK,112671603,DALLASTOWN AREA SD
YORK,112671803,DOVER AREA SD
YORK,112672203,EASTERN YORK SD
YORK,112672803,HANOVER PUBLIC SD
YORK,112674403,NORTHEASTERN YORK SD
YORK,115674603,NORTHERN YORK COUNTY SD
YORK,112675503,RED LION AREA SD
YORK,112676203,SOUTH EASTERN SD
YORK,112676403,SOUTH WESTERN SD
YORK,112676503,SOUTHERN YORK COUNTY SD
YORK,112676703,SPRING GROVE AREA SD
YORK,115219002,WEST SHORE SD
YORK,112678503,WEST YORK AREA SD
YORK,189670676,YORK ACADEMY REGIONAL CHARTER SCHOOL
YORK,112679002,YORK CITY SD
YORK,112679107,YORK CO SCHOOL OF TECHNOLOGY
YORK,112679403,YORK SUBURBAN SD